{
  "model": "baseline",
  "checkpoint": "baseline_resnet50_20260403_120248_fold0_best.pth",
  "fold": 0,
  "n_samples": 623,
  "temperature": 1.0320228338241577,
  "ece_before": 0.04388770609376519,
  "ece_after": 0.04256190079747197,
  "ece_reduction": 0.0013258052962932185,
  "brier_before": 0.23688626289367676,
  "brier_after": 0.23759524524211884,
  "brier_reduction": -0.0007089823484420776
}