{
  "run_info": {
    "model": "baseline",
    "checkpoint": "baseline_resnet50_sampler_only_20260403_185935_fold0_best.pth",
    "checkpoint_epoch": 2,
    "checkpoint_best_kappa": 0.9009075690598164,
    "dataset": "aptos_test",
    "n_images": 550,
    "mc_passes": 20,
    "batch_size": 16,
    "image_size": 512,
    "device": "cuda",
    "timestamp": "2026-04-03T20:45:36.053919",
    "thresholds": null
  },
  "accuracy": 0.7709090909090909,
  "quadratic_kappa": 0.8585863193668316,
  "binary_referable_auc": 0.9806777197240849,
  "binary_referable_sens": 0.8340807174887892,
  "binary_referable_spec": 0.9541284403669725,
  "classification_report": {
    "No DR": {
      "precision": 0.966789667896679,
      "recall": 0.966789667896679,
      "f1-score": 0.966789667896679,
      "support": 271.0
    },
    "Mild": {
      "precision": 0.44871794871794873,
      "recall": 0.625,
      "f1-score": 0.5223880597014925,
      "support": 56.0
    },
    "Moderate": {
      "precision": 0.7622950819672131,
      "recall": 0.62,
      "f1-score": 0.6838235294117647,
      "support": 150.0
    },
    "Severe": {
      "precision": 0.32727272727272727,
      "recall": 0.6206896551724138,
      "f1-score": 0.42857142857142855,
      "support": 29.0
    },
    "Proliferative DR": {
      "precision": 0.6666666666666666,
      "recall": 0.36363636363636365,
      "f1-score": 0.47058823529411764,
      "support": 44.0
    },
    "accuracy": 0.7709090909090909,
    "macro avg": {
      "precision": 0.6343484185042468,
      "recall": 0.6392231373410913,
      "f1-score": 0.6144321841750965,
      "support": 550.0
    },
    "weighted avg": {
      "precision": 0.8005394724500536,
      "recall": 0.7709090909090909,
      "f1-score": 0.7762940264301107,
      "support": 550.0
    }
  },
  "ece": 0.08921546535058454,
  "brier_score": 0.32033631205558777,
  "ece_bins": 15
}