{
  "run_info": {
    "model": "baseline",
    "checkpoint": "baseline_resnet50_20260403_120248_fold0_best.pth",
    "checkpoint_epoch": 14,
    "checkpoint_best_kappa": 0.9153098276242764,
    "dataset": "aptos_test",
    "n_images": 550,
    "mc_passes": 20,
    "batch_size": 16,
    "image_size": 512,
    "device": "cuda",
    "timestamp": "2026-04-03T12:41:26.755358"
  },
  "accuracy": 0.8109090909090909,
  "quadratic_kappa": 0.8959379649606635,
  "binary_referable_auc": 0.9840649469974356,
  "binary_referable_sens": 0.874439461883408,
  "binary_referable_spec": 0.9510703363914373,
  "classification_report": {
    "No DR": {
      "precision": 0.9850187265917603,
      "recall": 0.9704797047970479,
      "f1-score": 0.9776951672862454,
      "support": 271.0
    },
    "Mild": {
      "precision": 0.5138888888888888,
      "recall": 0.6607142857142857,
      "f1-score": 0.578125,
      "support": 56.0
    },
    "Moderate": {
      "precision": 0.7573529411764706,
      "recall": 0.6866666666666666,
      "f1-score": 0.7202797202797203,
      "support": 150.0
    },
    "Severe": {
      "precision": 0.46875,
      "recall": 0.5172413793103449,
      "f1-score": 0.4918032786885246,
      "support": 29.0
    },
    "Proliferative DR": {
      "precision": 0.6511627906976745,
      "recall": 0.6363636363636364,
      "f1-score": 0.6436781609195402,
      "support": 44.0
    },
    "accuracy": 0.8109090909090909,
    "macro avg": {
      "precision": 0.6752346694709589,
      "recall": 0.6942931345703962,
      "f1-score": 0.6823162654348062,
      "support": 550.0
    },
    "weighted avg": {
      "precision": 0.821028557547842,
      "recall": 0.8109090909090909,
      "f1-score": 0.8144663318890137,
      "support": 550.0
    }
  },
  "ece": 0.04782748710025442,
  "brier_score": 0.2550925314426422,
  "ece_bins": 15
}