{
  "model": "cbam_resnet50",
  "timestamp": "20260331_130046",
  "n_folds": 1,
  "per_fold": [
    {
      "best_epoch": 17,
      "val_kappa": 0.889575848472602,
      "val_acc": 0.7899045020463847,
      "val_auc": 0.98307490550027,
      "val_sens": 0.8791946308724832,
      "val_spec": 0.9517241379310345,
      "val_loss": 0.3715941718135329,
      "train_acc": 0.7882513661202186,
      "train_loss": 0.3967640052968302,
      "val_f1_macro": 0.6281771189634006,
      "val_f1_per_class": [
        0.9874125874125874,
        0.611764705882353,
        0.6807387862796834,
        0.3218390804597701,
        0.5391304347826087
      ],
      "val_recall_per_class": [
        0.9778393351800554,
        0.7027027027027027,
        0.645,
        0.358974358974359,
        0.5254237288135594
      ],
      "val_precision_per_class": [
        0.9971751412429378,
        0.5416666666666666,
        0.7206703910614525,
        0.2916666666666667,
        0.5535714285714286
      ],
      "fold": 0
    }
  ],
  "summary": {
    "val_kappa_mean": 0.889575848472602,
    "val_kappa_std": 0.0,
    "val_acc_mean": 0.7899045020463847,
    "val_acc_std": 0.0,
    "val_auc_mean": 0.98307490550027,
    "val_auc_std": 0.0,
    "val_sens_mean": 0.8791946308724832,
    "val_sens_std": 0.0,
    "val_spec_mean": 0.9517241379310345,
    "val_spec_std": 0.0,
    "val_f1_macro_mean": 0.6281771189634006,
    "val_f1_macro_std": 0.0,
    "val_f1_per_class_mean": [
      0.9874125874125874,
      0.611764705882353,
      0.6807387862796834,
      0.3218390804597701,
      0.5391304347826087
    ],
    "val_f1_per_class_std": [
      0.0,
      0.0,
      0.0,
      0.0,
      0.0
    ],
    "val_recall_per_class_mean": [
      0.9778393351800554,
      0.7027027027027027,
      0.645,
      0.358974358974359,
      0.5254237288135594
    ],
    "val_recall_per_class_std": [
      0.0,
      0.0,
      0.0,
      0.0,
      0.0
    ],
    "val_precision_per_class_mean": [
      0.9971751412429378,
      0.5416666666666666,
      0.7206703910614525,
      0.2916666666666667,
      0.5535714285714286
    ],
    "val_precision_per_class_std": [
      0.0,
      0.0,
      0.0,
      0.0,
      0.0
    ],
    "grade_names": [
      "No DR (0)",
      "Mild (1)",
      "Moderate (2)",
      "Severe (3)",
      "PDR (4)"
    ]
  }
}