{
  "run_info": {
    "model": "baseline",
    "checkpoint": "baseline_resnet50_20260405_052029_fold0_best.pth",
    "checkpoint_epoch": 3,
    "checkpoint_best_kappa": 0.9179511254896128,
    "dataset": "aptos_test",
    "n_images": 550,
    "mc_passes": 20,
    "batch_size": 16,
    "image_size": 512,
    "device": "cuda",
    "timestamp": "2026-04-05T06:55:36.993052",
    "thresholds": null
  },
  "accuracy": 0.8090909090909091,
  "quadratic_kappa": 0.8907336927473795,
  "binary_referable_auc": 0.9830775771039892,
  "binary_referable_sens": 0.9551569506726457,
  "binary_referable_spec": 0.9204892966360856,
  "classification_report": {
    "No DR": {
      "precision": 0.9740740740740741,
      "recall": 0.9704797047970479,
      "f1-score": 0.9722735674676525,
      "support": 271.0
    },
    "Mild": {
      "precision": 0.6341463414634146,
      "recall": 0.4642857142857143,
      "f1-score": 0.5360824742268041,
      "support": 56.0
    },
    "Moderate": {
      "precision": 0.7076023391812866,
      "recall": 0.8066666666666666,
      "f1-score": 0.7538940809968847,
      "support": 150.0
    },
    "Severe": {
      "precision": 0.3939393939393939,
      "recall": 0.4482758620689655,
      "f1-score": 0.41935483870967744,
      "support": 29.0
    },
    "Proliferative DR": {
      "precision": 0.6285714285714286,
      "recall": 0.5,
      "f1-score": 0.5569620253164557,
      "support": 44.0
    },
    "accuracy": 0.8090909090909091,
    "macro avg": {
      "precision": 0.6676667154459196,
      "recall": 0.637941589563679,
      "f1-score": 0.6477133973434949,
      "support": 550.0
    },
    "weighted avg": {
      "precision": 0.8085600097356428,
      "recall": 0.8090909090909091,
      "f1-score": 0.805924521684495,
      "support": 550.0
    }
  },
  "ece": 0.044454778324473976,
  "brier_score": 0.25910788774490356,
  "ece_bins": 15
}