{
  "run_info": {
    "model": "baseline",
    "checkpoint": "baseline_resnet50_20260405_070645_fold0_best.pth",
    "checkpoint_epoch": 18,
    "checkpoint_best_kappa": 0.8418427416273458,
    "dataset": "aptos_test",
    "n_images": 550,
    "mc_passes": 20,
    "batch_size": 16,
    "image_size": 512,
    "device": "cuda",
    "timestamp": "2026-04-05T08:19:26.760142",
    "thresholds": null
  },
  "accuracy": 0.7327272727272728,
  "quadratic_kappa": 0.8154459968318697,
  "binary_referable_auc": 0.9780995872245307,
  "binary_referable_sens": 0.8923766816143498,
  "binary_referable_spec": 0.944954128440367,
  "classification_report": {
    "No DR": {
      "precision": 0.9602888086642599,
      "recall": 0.981549815498155,
      "f1-score": 0.9708029197080292,
      "support": 271.0
    },
    "Mild": {
      "precision": 0.5892857142857143,
      "recall": 0.5892857142857143,
      "f1-score": 0.5892857142857143,
      "support": 56.0
    },
    "Moderate": {
      "precision": 0.7727272727272727,
      "recall": 0.34,
      "f1-score": 0.4722222222222222,
      "support": 150.0
    },
    "Severe": {
      "precision": 0.3125,
      "recall": 0.6896551724137931,
      "f1-score": 0.43010752688172044,
      "support": 29.0
    },
    "Proliferative DR": {
      "precision": 0.3793103448275862,
      "recall": 0.75,
      "f1-score": 0.5038167938931297,
      "support": 44.0
    },
    "accuracy": 0.7327272727272728,
    "macro avg": {
      "precision": 0.6028224281009666,
      "recall": 0.6700981404395325,
      "f1-score": 0.5932470353981631,
      "support": 550.0
    },
    "weighted avg": {
      "precision": 0.7907263876900347,
      "recall": 0.7327272727272728,
      "f1-score": 0.7301126941546852,
      "support": 550.0
    }
  },
  "ece": 0.05858046298677271,
  "brier_score": 0.34892550110816956,
  "ece_bins": 15
}