{
  "run_info": {
    "model": "baseline",
    "checkpoint": "baseline_resnet50_20260405_070645_fold0_best.pth",
    "checkpoint_epoch": 18,
    "checkpoint_best_kappa": 0.8418427416273458,
    "dataset": "messidor2",
    "n_images": 1744,
    "mc_passes": 20,
    "batch_size": 16,
    "image_size": 512,
    "device": "cuda",
    "timestamp": "2026-04-05T08:18:31.762176",
    "thresholds": null
  },
  "accuracy": 0.6181192660550459,
  "quadratic_kappa": 0.4956826646897222,
  "binary_referable_auc": 0.8299609459346876,
  "binary_referable_sens": 0.29540481400437635,
  "binary_referable_spec": 0.9891219891219891,
  "classification_report": {
    "No DR": {
      "precision": 0.6464516129032258,
      "recall": 0.9852507374631269,
      "f1-score": 0.7806778340475263,
      "support": 1017.0
    },
    "Mild": {
      "precision": 0.044444444444444446,
      "recall": 0.007407407407407408,
      "f1-score": 0.012698412698412698,
      "support": 270.0
    },
    "Moderate": {
      "precision": 0.45454545454545453,
      "recall": 0.01440922190201729,
      "f1-score": 0.027932960893854747,
      "support": 347.0
    },
    "Severe": {
      "precision": 0.4789915966386555,
      "recall": 0.76,
      "f1-score": 0.5876288659793815,
      "support": 75.0
    },
    "Proliferative DR": {
      "precision": 0.631578947368421,
      "recall": 0.34285714285714286,
      "f1-score": 0.4444444444444444,
      "support": 35.0
    },
    "accuracy": 0.6181192660550459,
    "macro avg": {
      "precision": 0.45120241118004023,
      "recall": 0.42198490192593885,
      "f1-score": 0.3706765036127239,
      "support": 1744.0
    },
    "weighted avg": {
      "precision": 0.5075677729103483,
      "recall": 0.6181192660550459,
      "f1-score": 0.496960084053373,
      "support": 1744.0
    }
  },
  "ece": 0.11511328739515687,
  "brier_score": 0.5635380148887634,
  "ece_bins": 15
}