{
  "run_info": {
    "model": "baseline",
    "checkpoint": "baseline_resnet50_20260405_052029_fold0_best.pth",
    "checkpoint_epoch": 3,
    "checkpoint_best_kappa": 0.9179511254896128,
    "dataset": "messidor2",
    "n_images": 1744,
    "mc_passes": 20,
    "batch_size": 16,
    "image_size": 512,
    "device": "cuda",
    "timestamp": "2026-04-05T06:53:59.370983",
    "thresholds": null
  },
  "accuracy": 0.6290137614678899,
  "quadratic_kappa": 0.5043238567738453,
  "binary_referable_auc": 0.8746172378557499,
  "binary_referable_sens": 0.33916849015317285,
  "binary_referable_spec": 0.9906759906759907,
  "classification_report": {
    "No DR": {
      "precision": 0.6517509727626459,
      "recall": 0.9882005899705014,
      "f1-score": 0.7854630715123095,
      "support": 1017.0
    },
    "Mild": {
      "precision": 0.0,
      "recall": 0.0,
      "f1-score": 0.0,
      "support": 270.0
    },
    "Moderate": {
      "precision": 0.6,
      "recall": 0.11239193083573487,
      "f1-score": 0.18932038834951456,
      "support": 347.0
    },
    "Severe": {
      "precision": 0.5180722891566265,
      "recall": 0.5733333333333334,
      "f1-score": 0.5443037974683544,
      "support": 75.0
    },
    "Proliferative DR": {
      "precision": 0.5263157894736842,
      "recall": 0.2857142857142857,
      "f1-score": 0.37037037037037035,
      "support": 35.0
    },
    "accuracy": 0.6290137614678899,
    "macro avg": {
      "precision": 0.45922781027859133,
      "recall": 0.3919280279707711,
      "f1-score": 0.3778915255401098,
      "support": 1744.0
    },
    "weighted avg": {
      "precision": 0.5322862463405601,
      "recall": 0.6290137614678899,
      "f1-score": 0.52654579487293,
      "support": 1744.0
    }
  },
  "ece": 0.18699339667864898,
  "brier_score": 0.5619027614593506,
  "ece_bins": 15
}