{
  "model": "baseline",
  "checkpoint": "baseline_resnet50_20260403_120248_fold0_best.pth",
  "fold": 0,
  "n_samples": 623,
  "metric": "qwk",
  "thresholds": [
    1.0,
    1.0,
    1.0,
    1.0,
    1.0
  ],
  "qwk_before": 0.9109144107054187,
  "qwk_after": 0.9109144107054187,
  "macro_f1_before": 0.7273514755149317,
  "macro_f1_after": 0.7273514755149317,
  "per_class_recall_before": [
    0.9804560260586319,
    0.746031746031746,
    0.7352941176470589,
    0.7878787878787878,
    0.52
  ],
  "per_class_recall_after": [
    0.9804560260586319,
    0.746031746031746,
    0.7352941176470589,
    0.7878787878787878,
    0.52
  ]
}