{
  "train_loss": [
    0.751349907598629,
    0.5247611476928148,
    0.4531279039203856,
    0.41537050478040827,
    0.38223672934708314,
    0.37096160108947884,
    0.33414769296802405,
    0.30384596827169374,
    0.28148224360709223,
    0.2723858150128579,
    0.2631314706277343,
    0.21104777069904163,
    0.20649407099908268,
    0.1748254777130392,
    0.15926008446402173,
    0.15103269899540608,
    0.14213443077660617,
    0.11216270629559494,
    0.12729096847381882
  ],
  "val_loss": [
    0.4678736707604761,
    0.4644438187714976,
    0.5137129085898237,
    0.3698143098518598,
    0.5280452154952865,
    0.39490167013945066,
    0.3744404230160082,
    0.3958175951998686,
    0.42390952961669287,
    0.43855499029972705,
    0.5232678186275461,
    0.5436436599387315,
    0.4724396997389331,
    0.5345850114851661,
    0.5795307369219167,
    0.6308734363699675,
    0.587203114289704,
    0.5791532874595257,
    0.6100348874540316
  ],
  "train_acc": [
    0.5775273224043715,
    0.7120901639344263,
    0.7564890710382514,
    0.7622950819672131,
    0.7848360655737705,
    0.8111338797814208,
    0.8193306010928961,
    0.8319672131147541,
    0.8326502732240437,
    0.8381147540983607,
    0.8599726775956285,
    0.8838797814207651,
    0.8811475409836066,
    0.898224043715847,
    0.9047131147540983,
    0.9108606557377049,
    0.917691256830601,
    0.9275956284153005,
    0.9258879781420765
  ],
  "val_acc": [
    0.7830832196452933,
    0.8090040927694406,
    0.7585266030013642,
    0.8021828103683493,
    0.7926330150068213,
    0.7885402455661664,
    0.7953615279672579,
    0.819918144611187,
    0.834924965893588,
    0.82537517053206,
    0.834924965893588,
    0.8212824010914052,
    0.8171896316507503,
    0.844474761255116,
    0.8240109140518418,
    0.8390177353342428,
    0.8431105047748977,
    0.8308321964529332,
    0.8294679399727148
  ],
  "val_kappa": [
    0.8417123770121524,
    0.8685774889081628,
    0.8394960099968225,
    0.887383458259075,
    0.870230521619729,
    0.8710439442058824,
    0.8991741768514792,
    0.9059352465803258,
    0.9084123412300359,
    0.903156495141323,
    0.9037727112154976,
    0.8997220845998678,
    0.9044943532543109,
    0.9088493152124479,
    0.901167650945177,
    0.9036971984161788,
    0.9086569092220664,
    0.8966868650671147,
    0.9014800160372723
  ],
  "val_auc": [
    0.9802129136773895,
    0.9827046208439404,
    0.9814703386561752,
    0.985697755149271,
    0.9841857594692587,
    0.9872791792023451,
    0.9846023297076294,
    0.9847334721900793,
    0.9851037568464089,
    0.9863920388798889,
    0.9863380390341742,
    0.9855511841394738,
    0.9844711872251792,
    0.9846331867623236,
    0.984278330633341,
    0.9848337576178354,
    0.9853891846023297,
    0.9851191853737561,
    0.9847951862994677
  ]
}