{
  "train_loss": [
    1.0511245618463987,
    1.0255994503715413,
    1.0009769756828977,
    0.9054346377632243,
    0.8458875717665808,
    0.7617663561422778,
    0.7027988661755958,
    0.6180464382178142,
    0.5885408316182781,
    0.5535924883986056,
    0.5020403628383492,
    0.4893795205855703,
    0.4696168459572862,
    0.4595789527193032,
    0.44299004276525694,
    0.4401457040291184,
    0.3967640052968302,
    0.42654775258582295,
    0.40608877429949136,
    0.3988158867276948
  ],
  "val_loss": [
    1.036936022412403,
    1.2266222064524361,
    0.9052101839613297,
    0.8131627890943343,
    0.7309103156827481,
    0.6642234453075091,
    0.6183006520729923,
    0.5301526836125945,
    0.49274160144761675,
    0.44523996614824374,
    0.47902595126775244,
    0.41143775860414333,
    0.4225780654896818,
    0.39340142919942434,
    0.3731572712589904,
    0.3809637776582335,
    0.3715941718135329,
    0.3719103026113601,
    0.3635564048813928,
    0.3733344003253224
  ],
  "train_acc": [
    0.4713114754098361,
    0.519808743169399,
    0.514344262295082,
    0.5252732240437158,
    0.6075819672131147,
    0.612363387978142,
    0.6369535519125683,
    0.6407103825136612,
    0.6970628415300546,
    0.6878415300546448,
    0.7151639344262295,
    0.7172131147540983,
    0.7452185792349727,
    0.7476092896174863,
    0.7510245901639344,
    0.7616120218579235,
    0.7882513661202186,
    0.7790300546448088,
    0.7848360655737705,
    0.7691256830601093
  ],
  "val_acc": [
    0.4870395634379263,
    0.4897680763983629,
    0.47748976807639837,
    0.5866302864938608,
    0.5511596180081856,
    0.7353342428376535,
    0.567530695770805,
    0.6725784447476125,
    0.669849931787176,
    0.6998635743519782,
    0.7585266030013642,
    0.7639836289222374,
    0.7489768076398363,
    0.7448840381991815,
    0.791268758526603,
    0.8035470668485676,
    0.7899045020463847,
    0.7926330150068213,
    0.7844474761255116,
    0.7953615279672579
  ],
  "val_kappa": [
    -0.008330536970849955,
    0.36267803594310166,
    0.3486386994455418,
    0.4501409186437796,
    0.6298897670285599,
    0.705870060741565,
    0.7580715869389949,
    0.8199072640812981,
    0.8215385388296377,
    0.82341509193123,
    0.8482357772007241,
    0.8687679780111979,
    0.8532951216188595,
    0.8707667619137205,
    0.8824000038123538,
    0.8878724090572011,
    0.889575848472602,
    0.8853824731207341,
    0.8863977270673615,
    0.8883518482132796
  ],
  "val_auc": [
    0.6019825657640978,
    0.7595772583506905,
    0.8608423975931497,
    0.8670909511687109,
    0.8960348684718044,
    0.9498418575946925,
    0.9657255264984957,
    0.9717580806911981,
    0.9768649232430764,
    0.9814549101288281,
    0.9805214842243307,
    0.982002622849649,
    0.9837151893851732,
    0.9831057625549642,
    0.9839157602406851,
    0.9826660495255728,
    0.98307490550027,
    0.9835069042659879,
    0.983406618838232,
    0.9833603332561908
  ],
  "val_sens": [
    0.0,
    0.08389261744966443,
    0.15100671140939598,
    0.48322147651006714,
    0.9429530201342282,
    0.7751677852348994,
    0.9295302013422819,
    0.8221476510067114,
    0.8859060402684564,
    0.8791946308724832,
    0.761744966442953,
    0.8624161073825504,
    0.7516778523489933,
    0.9060402684563759,
    0.8557046979865772,
    0.8590604026845637,
    0.8791946308724832,
    0.8624161073825504,
    0.8590604026845637,
    0.8422818791946308
  ],
  "val_spec": [
    0.9908045977011494,
    0.9517241379310345,
    0.8827586206896552,
    0.7724137931034483,
    0.7839080459770115,
    0.9218390804597701,
    0.8850574712643678,
    0.9402298850574713,
    0.9356321839080459,
    0.9425287356321839,
    0.9770114942528736,
    0.9655172413793104,
    0.9747126436781609,
    0.9379310344827586,
    0.9701149425287356,
    0.9632183908045977,
    0.9517241379310345,
    0.9632183908045977,
    0.9655172413793104,
    0.9724137931034482
  ],
  "val_f1_macro": [
    0.1310091743119266,
    0.2579703764688842,
    0.264646910576171,
    0.33535756162333097,
    0.2723273363114963,
    0.43244795678244313,
    0.37035876063965256,
    0.44363928180377943,
    0.48425278306638414,
    0.534531885772734,
    0.5705382407127821,
    0.5811219652821663,
    0.5858732258854558,
    0.5958797314964864,
    0.6497897396183744,
    0.6489086697772356,
    0.6281771189634006,
    0.6369010499984966,
    0.6366445759771125,
    0.6431120866956539
  ],
  "val_recall_per_class": [
    [
      0.9889196675900277,
      0.0,
      0.0,
      0.0,
      0.0
    ],
    [
      0.7506925207756233,
      0.9054054054054054,
      0.105,
      0.0,
      0.0
    ],
    [
      0.7008310249307479,
      0.8513513513513513,
      0.17,
      0.0,
      0.0
    ],
    [
      0.7700831024930748,
      0.6621621621621622,
      0.515,
      0.0,
      0.0
    ],
    [
      0.9307479224376731,
      0.0,
      0.06,
      0.02564102564102564,
      0.9322033898305084
    ],
    [
      0.9750692520775623,
      0.5135135135135135,
      0.725,
      0.0,
      0.06779661016949153
    ],
    [
      0.9279778393351801,
      0.36486486486486486,
      0.035,
      0.7948717948717948,
      0.2711864406779661
    ],
    [
      0.9750692520775623,
      0.6351351351351351,
      0.34,
      0.6666666666666666,
      0.0
    ],
    [
      0.9806094182825484,
      0.5945945945945946,
      0.275,
      0.6410256410256411,
      0.22033898305084745
    ],
    [
      0.9695290858725761,
      0.6486486486486487,
      0.325,
      0.38461538461538464,
      0.5932203389830508
    ],
    [
      0.9778393351800554,
      0.8243243243243243,
      0.545,
      0.1794871794871795,
      0.4406779661016949
    ],
    [
      0.9806094182825484,
      0.7567567567567568,
      0.58,
      0.5128205128205128,
      0.23728813559322035
    ],
    [
      0.9667590027700831,
      0.8513513513513513,
      0.45,
      0.28205128205128205,
      0.6101694915254238
    ],
    [
      0.9529085872576177,
      0.6351351351351351,
      0.51,
      0.5641025641025641,
      0.5254237288135594
    ],
    [
      0.9806094182825484,
      0.8108108108108109,
      0.555,
      0.5128205128205128,
      0.5932203389830508
    ],
    [
      0.9778393351800554,
      0.7702702702702703,
      0.655,
      0.358974358974359,
      0.576271186440678
    ],
    [
      0.9778393351800554,
      0.7027027027027027,
      0.645,
      0.358974358974359,
      0.5254237288135594
    ],
    [
      0.9722991689750693,
      0.7702702702702703,
      0.645,
      0.46153846153846156,
      0.4406779661016949
    ],
    [
      0.9778393351800554,
      0.7837837837837838,
      0.57,
      0.48717948717948717,
      0.5254237288135594
    ],
    [
      0.9778393351800554,
      0.8243243243243243,
      0.615,
      0.41025641025641024,
      0.5084745762711864
    ]
  ],