{
  "train_loss": [
    0.678833378323976,
    0.45542342541159375,
    0.36669375389730563,
    0.3226674937876222,
    0.2710166510064327,
    0.21855698895291564,
    0.21452382835531483,
    0.18124577971815153
  ],
  "val_loss": [
    0.3311903505895532,
    0.26233104399942087,
    0.27963125009693646,
    0.28005071443596774,
    0.2442091918441304,
    0.28724569445819764,
    0.3232760927841713,
    0.29220068062480725
  ],
  "train_acc": [
    0.5036290322580645,
    0.6443548387096775,
    0.697983870967742,
    0.7274193548387097,
    0.7709677419354839,
    0.8112903225806452,
    0.8092741935483871,
    0.8411290322580646
  ],
  "val_acc": [
    0.7704654895666132,
    0.7881219903691814,
    0.8025682182985554,
    0.7624398073836276,
    0.8218298555377207,
    0.7913322632423756,
    0.7897271268057785,
    0.7817014446227929
  ],
  "val_kappa": [
    0.8387419278997447,
    0.8730142680597686,
    0.9009075690598164,
    0.8600390964446574,
    0.8993467606005763,
    0.8971605400391056,
    0.875181310175656,
    0.8520961681585175
  ],
  "val_auc": [
    0.9734216429868604,
    0.9836769575900011,
    0.98386924473881,
    0.9849909197735285,
    0.9850443328704198,
    0.987768400811879,
    0.9824057258839868,
    0.982021151586369
  ],
  "val_sens": [
    0.849802371541502,
    0.7509881422924901,
    0.8972332015810277,
    0.6996047430830039,
    0.8814229249011858,
    0.9011857707509882,
    0.9090909090909091,
    0.8458498023715415
  ],
  "val_spec": [
    0.9675675675675676,
    0.9864864864864865,
    0.9648648648648649,
    0.9891891891891892,
    0.9621621621621622,
    0.9486486486486486,
    0.9432432432432433,
    0.9621621621621622
  ],
  "val_f1_macro": [
    0.6256152250495958,
    0.6608489465748061,
    0.6658810733343169,
    0.5944471606320223,
    0.6976120717610214,
    0.6616675620995293,
    0.6575076953701566,
    0.6375468280512172
  ],
  "val_recall_per_class": [
    [
      0.9674267100977199,
      0.7619047619047619,
      0.5470588235294118,
      0.42424242424242425,
      0.56
    ],
    [
      0.9771986970684039,
      0.8888888888888888,
      0.5294117647058824,
      0.45454545454545453,
      0.6
    ],
    [
      0.9771986970684039,
      0.7619047619047619,
      0.6294117647058823,
      0.7878787878787878,
      0.38
    ],
    [
      0.9739413680781759,
      0.8888888888888888,
      0.4823529411764706,
      0.18181818181818182,
      0.64
    ],
    [
      0.9771986970684039,
      0.7777777777777778,
      0.6705882352941176,
      0.6060606060606061,
      0.58
    ],
    [
      0.9706840390879479,
      0.6666666666666666,
      0.611764705882353,
      0.7575757575757576,
      0.48
    ],
    [
      0.9706840390879479,
      0.6825396825396826,
      0.5941176470588235,
      0.7878787878787878,
      0.48
    ],
    [
      0.9739413680781759,
      0.7936507936507936,
      0.5235294117647059,
      0.42424242424242425,
      0.7
    ]
  ],
  "val_precision_per_class": [
    [
      0.9580645161290322,
      0.5581395348837209,
      0.7265625,
      0.34146341463414637,
      0.4827586206896552
    ],
    [
      0.9771986970684039,
      0.4628099173553719,
      0.7627118644067796,
      0.42857142857142855,
      0.7142857142857143
    ],
    [
      0.9803921568627451,
      0.6233766233766234,
      0.8359375,
      0.29213483146067415,
      0.8260869565217391
    ],
    [
      0.9835526315789473,
      0.4057971014492754,
      0.7522935779816514,
      0.5,
      0.5333333333333333
    ],
    [
      0.9933774834437086,
      0.5833333333333334,
      0.7862068965517242,
      0.4,
      0.6904761904761905
    ],
    [
      0.9867549668874173,
      0.5675675675675675,
      0.7591240875912408,
      0.31645569620253167,
      0.7741935483870968
    ],
    [
      0.9900332225913622,
      0.6056338028169014,
      0.7829457364341085,
      0.30952380952380953,
      0.631578947368421
    ],
    [
      0.9933554817275747,
      0.5319148936170213,
      0.8090909090909091,
      0.358974358974359,
      0.4430379746835443
    ]
  ],
  "val_f1_per_class": [
    [
      0.9627228525121556,
      0.6442953020134228,
      0.6241610738255033,
      0.3783783783783784,
      0.5185185185185185
    ],
    [
      0.9771986970684039,
      0.6086956521739131,
      0.625,
      0.4411764705882353,
      0.6521739130434783
    ],
    [
      0.9787928221859706,
      0.6857142857142857,
      0.7181208053691275,
      0.4262295081967213,
      0.5205479452054794
    ],
    [
      0.9787234042553191,
      0.5572139303482587,
      0.5878136200716846,
      0.26666666666666666,
      0.5818181818181818
    ],
    [
      0.9852216748768473,
      0.6666666666666666,
      0.7238095238095238,
      0.4819277108433735,
      0.6304347826086957
    ],
    [
      0.9786535303776683,
      0.6131386861313869,
      0.6775244299674267,
      0.44642857142857145,
      0.5925925925925926
    ],
    [
      0.9802631578947368,
      0.6417910447761194,
      0.6755852842809364,
      0.4444444444444444,
      0.5454545454545454
    ],
    [
      0.9835526315789473,
      0.6369426751592356,
      0.6357142857142857,
      0.3888888888888889,
      0.5426356589147286
    ]
  ]
}