{
  "train_loss": [
    1.1227843321635154,
    0.8843958421129685
  ],
  "val_loss": [
    1.074015498676259,
    1.5875830192677756
  ],
  "train_acc": [
    0.6885245901639344,
    0.7489754098360656
  ],
  "val_acc": [
    0.7517053206002728,
    0.7858117326057299
  ],
  "val_kappa": [
    0.7795195689426584,
    0.8229281092982867
  ],
  "val_auc": [
    0.9682558049834142,
    0.9770269227802206
  ]
}