{
  "train_loss": [
    0.8037254883490882,
    0.5701603516732804,
    0.5026688456838043,
    0.42070091701916823,
    0.38934664854944545
  ],
  "val_loss": [
    0.729732602045682,
    0.43529564703101264,
    0.4095174032911445,
    0.372378440328037,
    0.3670902602605796
  ],
  "train_acc": [
    0.5194672131147541,
    0.6635928961748634,
    0.6926229508196722,
    0.7459016393442623,
    0.773224043715847
  ],
  "val_acc": [
    0.616643929058663,
    0.7776261937244202,
    0.7435197817189632,
    0.8049113233287858,
    0.7858117326057299
  ],
  "val_kappa": [
    0.8274205927580923,
    0.8568658520810738,
    0.8513475763904974,
    0.8946050774697266,
    0.8925874729423493
  ],
  "val_auc": [
    0.9741572166936666,
    0.979410630255342,
    0.9813623389647459,
    0.9830517627092494,
    0.9838771889223173
  ],
  "lr": [
    9.045084971874738e-05,
    6.545084971874737e-05,
    3.454915028125263e-05,
    9.549150281252631e-06,
    0.0
  ]
}