{
  "train_loss": [
    1.1336073049726905,
    0.7160415756697633,
    0.5424627527840026,
    0.45411317297712106,
    0.4026175811617381,
    0.35743323316915104,
    0.30953899000772467,
    0.28226504133331004,
    0.2606767740724747,
    0.22691486685474316,
    0.2160991420224758,
    0.19612176014075272,
    0.17770552481930627,
    0.1578299181678775,
    0.14345220244998863,
    0.15046197621398014,
    0.12970431974586497,
    0.1269394035749332,
    0.1177076110163574,
    0.116013603954729,
    0.1121633819855567,
    0.1095191420154334,
    0.10834015572391968,
    0.10497130584697639,
    0.10033793576801096
  ],
  "val_loss": [
    1.0315180335726057,
    0.416769933260463,
    0.43863650405387816,
    0.3935676549544878,
    0.3591904192923734,
    0.35284105431210744,
    0.32465562889319555,
    0.3949985219999837,
    0.3349246433420319,
    0.36412765585591667,
    0.3569797170296144,
    0.3105499320102924,
    0.3482932689484586,
    0.32310415017470884,
    0.32806178573429295,
    0.34092911106816837,
    0.3433728815560165,
    0.3440160899636833,
    0.35933169277674887,
    0.3606148983081309,
    0.3502868104899485,
    0.352956657137955,
    0.3483890989618929,
    0.3471139206358173,
    0.35260954547081486
  ],
  "train_acc": [
    0.2213709677419355,
    0.5225806451612903,
    0.6391129032258065,
    0.697983870967742,
    0.7532258064516129,
    0.7810483870967742,
    0.8068548387096774,
    0.8346774193548387,
    0.8459677419354839,
    0.8766129032258064,
    0.8758064516129033,
    0.9004032258064516,
    0.917741935483871,
    0.927016129032258,
    0.9403225806451613,
    0.9342741935483871,
    0.9455645161290323,
    0.9512096774193548,
    0.9568548387096775,
    0.9604838709677419,
    0.9588709677419355,
    0.9661290322580646,
    0.9649193548387097,
    0.9681451612903226,
    0.9653225806451613
  ],
  "val_acc": [
    0.28892455858747995,
    0.7383627608346709,
    0.7415730337078652,
    0.7640449438202247,
    0.8025682182985554,
    0.8041733547351525,
    0.8378812199036918,
    0.7945425361155698,
    0.8234349919743178,
    0.8186195826645265,
    0.8202247191011236,
    0.841091492776886,
    0.8346709470304976,
    0.8459069020866774,
    0.841091492776886,
    0.8394863563402889,
    0.8523274478330658,
    0.8507223113964687,
    0.8459069020866774,
    0.8507223113964687,
    0.8443017656500803,
    0.8539325842696629,
    0.8491171749598716,
    0.8507223113964687,
    0.8459069020866774
  ],
  "val_kappa": [
    0.34314408763559034,
    0.858074558532997,
    0.8701072106574197,
    0.8823046382538339,
    0.8891963495843507,
    0.8852613945789122,
    0.905294340974595,
    0.8906783130885765,
    0.8877429072170664,
    0.9019762989365838,
    0.9036085501678458,
    0.9003990736497196,
    0.8968119166782557,
    0.9065991895131371,
    0.9056138884813381,
    0.9034487412305842,
    0.9153966577964405,
    0.916888443701796,
    0.9039850074823883,
    0.9049817281266045,
    0.9135919636957525,
    0.9129484993582367,
    0.9128302841933653,
    0.9136657142878779,
    0.9161610040820485
  ],
  "val_auc": [
    0.7104582843713279,
    0.9784745219527828,
    0.979970088665741,
    0.9830466830466831,
    0.985129793825446,
    0.988355944877684,
    0.9880354662963359,
    0.9852259373998504,
    0.9870633479329132,
    0.9851832069223373,
    0.9872022219848307,
    0.9891144108535412,
    0.9878218139087704,
    0.9878538617669053,
    0.9882704839226578,
    0.9894348894348894,
    0.9845742976177759,
    0.9879286401025532,
    0.9867215041128086,
    0.9865292169639998,
    0.9856105116974682,
    0.9852579852579852,
    0.9845742976177758,
    0.9852686678773636,
    0.9844247409464801
  ],
  "val_sens": [
    0.849802371541502,
    0.83399209486166,
    0.8814229249011858,
    0.8695652173913043,
    0.8537549407114624,
    0.932806324110672,
    0.8932806324110671,
    0.857707509881423,
    0.8774703557312253,
    0.9090909090909091,
    0.8814229249011858,
    0.9604743083003953,
    0.9209486166007905,
    0.9446640316205533,
    0.9407114624505929,
    0.9367588932806324,
    0.9525691699604744,
    0.9565217391304348,
    0.9169960474308301,
    0.9446640316205533,
    0.932806324110672,
    0.9446640316205533,
    0.9525691699604744,
    0.9565217391304348,
    0.9486166007905138
  ],
  "val_spec": [
    0.5243243243243243,
    0.9648648648648649,
    0.9540540540540541,
    0.9648648648648649,
    0.972972972972973,
    0.9324324324324325,
    0.9756756756756757,
    0.981081081081081,
    0.9621621621621622,
    0.9621621621621622,
    0.9648648648648649,
    0.9540540540540541,
    0.9567567567567568,
    0.9432432432432433,
    0.9405405405405406,
    0.9567567567567568,
    0.9513513513513514,
    0.9486486486486486,
    0.9648648648648649,
    0.9486486486486486,
    0.9486486486486486,
    0.9567567567567568,
    0.9459459459459459,
    0.9459459459459459,
    0.9513513513513514
  ],
  "val_f1_macro": [
    0.18813411132164176,
    0.588633126020675,
    0.6059842847845526,
    0.6328163786879383,
    0.6612443676873959,
    0.6612569569817615,
    0.7141241711148839,
    0.6581510931497732,
    0.6899153499063264,
    0.6856854351777597,
    0.6871431581989651,
    0.695585310725717,
    0.6930700849804028,
    0.7076162398547857,
    0.7096920001332958,
    0.7072299735760281,
    0.7217895117073744,
    0.7234036573020142,
    0.7202600505818972,
    0.7239190270451474,
    0.7079995043192882,
    0.7301702527890889,
    0.7096798761999316,
    0.7184229766282103,
    0.7140932323739714
  ],