{
  "train_loss": [
    0.7639716409113858,
    0.5530474544194101,
    0.4735952589874911,
    0.4252013541359938,
    0.4132050405117631,
    0.36880096698583203,
    0.3568818988738744,
    0.3331641307697089,
    0.27874539623111066,
    0.2631697397291445,
    0.2218519462524719,
    0.2410577286338653,
    0.19741097515297013,
    0.17586680543307753,
    0.1798614925286194,
    0.15852907135956926,
    0.15702291190558382,
    0.12889558733311846,
    0.128960026422865,
    0.12620828081298038
  ],
  "val_loss": [
    0.4930522684396557,
    0.41922360103738826,
    0.3897042663627413,
    0.39226957167802234,
    0.3742081568625727,
    0.36542177008970206,
    0.38025611952353827,
    0.33683740473195406,
    0.3745541287224327,
    0.43564408658786913,
    0.3870783233192912,
    0.41086331194036463,
    0.42417334705399856,
    0.4624502510789118,
    0.4643674282832475,
    0.4904035554651655,
    0.5033326193714218,
    0.500438344062427,
    0.5025509365536811,
    0.4989609116775075
  ],
  "train_acc": [
    0.6012096774193548,
    0.7,
    0.7407258064516129,
    0.7693548387096775,
    0.7866935483870968,
    0.7923387096774194,
    0.8064516129032258,
    0.8036290322580645,
    0.834274193548387,
    0.8516129032258064,
    0.8653225806451613,
    0.8637096774193549,
    0.8766129032258064,
    0.8959677419354839,
    0.8971774193548387,
    0.8866935483870968,
    0.9056451612903226,
    0.9201612903225806,
    0.9205645161290322,
    0.9245967741935484
  ],
  "val_acc": [
    0.6693418940609952,
    0.7704654895666132,
    0.7624398073836276,
    0.7800963081861958,
    0.7897271268057785,
    0.8009630818619583,
    0.78330658105939,
    0.8057784911717496,
    0.8009630818619583,
    0.8234349919743178,
    0.8394863563402889,
    0.8298555377207063,
    0.8362760834670947,
    0.8330658105939005,
    0.8443017656500803,
    0.841091492776886,
    0.8475120385232745,
    0.8443017656500803,
    0.8459069020866774,
    0.8426966292134831
  ],
  "val_kappa": [
    0.7961512893521889,
    0.877301677349698,
    0.8678916795874548,
    0.8842271380392192,
    0.8959654377350685,
    0.9029649977344811,
    0.8756337067612875,
    0.9039338769729642,
    0.9095761366775446,
    0.903307484847229,
    0.9144067725850881,
    0.9025124558724118,
    0.9100785468293372,
    0.9074735204438973,
    0.9153098276242764,
    0.9073452048509204,
    0.9060110973126971,
    0.905604421793939,
    0.908359989281963,
    0.9054975410359584
  ],
  "val_auc": [
    0.9610191218886871,
    0.9797457536587971,
    0.9820318342057472,
    0.9846918064309369,
    0.9858882598013033,
    0.9867642345903216,
    0.9874586048499092,
    0.9881316098707403,
    0.9867535519709433,
    0.9879927358188227,
    0.9898515115906419,
    0.990086529216964,
    0.9891785065698109,
    0.9902467685076382,
    0.990364277320799,
    0.9904924687533383,
    0.990716803760282,
    0.9905245166114731,
    0.9904924687533383,
    0.9907702168571735
  ],
  "val_sens": [
    0.7351778656126482,
    0.9051383399209486,
    0.8893280632411067,
    0.9565217391304348,
    0.8695652173913043,
    0.8774703557312253,
    0.924901185770751,
    0.9169960474308301,
    0.8893280632411067,
    0.9209486166007905,
    0.9407114624505929,
    0.8932806324110671,
    0.9486166007905138,
    0.9367588932806324,
    0.9288537549407114,
    0.9130434782608695,
    0.932806324110672,
    0.932806324110672,
    0.932806324110672,
    0.932806324110672
  ],
  "val_spec": [
    0.9783783783783784,
    0.9378378378378378,
    0.9378378378378378,
    0.9243243243243243,
    0.9675675675675676,
    0.9540540540540541,
    0.9459459459459459,
    0.9459459459459459,
    0.9648648648648649,
    0.9486486486486486,
    0.9486486486486486,
    0.9702702702702702,
    0.9486486486486486,
    0.9459459459459459,
    0.9594594594594594,
    0.9621621621621622,
    0.9540540540540541,
    0.9513513513513514,
    0.9540540540540541,
    0.9540540540540541
  ],
  "val_f1_macro": [
    0.5027520351226147,
    0.6270459531666208,
    0.6217645635017975,
    0.6419681562299607,
    0.660481476460979,
    0.6741005282953726,
    0.6437980472319406,
    0.6858108890504535,
    0.6764917926204909,
    0.6716554631147649,
    0.719918474171626,
    0.7018615087969569,
    0.7154665374738793,
    0.6868439096437824,
    0.7325500482048828,
    0.7225692743688906,
    0.7287798215536225,
    0.7236265091609999,
    0.7248386449363557,
    0.7174552240767665
  ],
  "val_recall_per_class": [
    [
      0.9283387622149837,
      0.873015873015873,
      0.18823529411764706,
      0.21212121212121213,
      0.76
    ],
    [
      0.9511400651465798,
      0.6666666666666666,
      0.611764705882353,
      0.696969696969697,
      0.38
    ],
    [
      0.9674267100977199,
      0.6507936507936508,
      0.5117647058823529,
      0.7878787878787878,
      0.48
    ],
    [
      0.9771986970684039,
      0.5555555555555556,
      0.5882352941176471,
      0.7878787878787878,
      0.5
    ],
    [
      0.9706840390879479,
      0.7619047619047619,
      0.5647058823529412,
      0.7878787878787878,
      0.48
    ],
    [
      0.9706840390879479,
      0.6825396825396826,
      0.6352941176470588,
      0.7878787878787878,
      0.48
    ],
    [
      0.9804560260586319,
      0.5873015873015873,
      0.5647058823529412,
      0.6060606060606061,
      0.68
    ],
    [
      0.9706840390879479,
      0.6666666666666666,
      0.6294117647058823,
      0.7878787878787878,
      0.58
    ],
    [
      0.9739413680781759,
      0.746031746031746,
      0.6058823529411764,
      0.8181818181818182,
      0.46
    ],
    [
      0.9869706840390879,
      0.6031746031746031,
      0.7764705882352941,
      0.6060606060606061,
      0.4
    ],
    [
      0.9771986970684039,
      0.6507936507936508,
      0.7529411764705882,
      0.7272727272727273,
      0.6
    ],
    [
      0.9804560260586319,
      0.7619047619047619,
      0.711764705882353,
      0.5454545454545454,
      0.58
    ],
    [
      0.9804560260586319,
      0.5873015873015873,
      0.7705882352941177,
      0.696969696969697,
      0.58
    ],
    [
      0.9804560260586319,
      0.6349206349206349,
      0.8117647058823529,
      0.3939393939393939,
      0.54
    ],
    [
      0.9804560260586319,
      0.7301587301587301,
      0.7411764705882353,
      0.7878787878787878,
      0.54
    ],
    [
      0.9804560260586319,
      0.7142857142857143,
      0.7529411764705882,
      0.6666666666666666,
      0.56
    ],
    [
      0.9804560260586319,
      0.6825396825396826,
      0.788235294117647,
      0.696969696969697,
      0.54
    ],
    [
      0.9804560260586319,
      0.6825396825396826,
      0.7764705882352941,
      0.696969696969697,
      0.54
    ],
    [
      0.9804560260586319,
      0.6825396825396826,
      0.788235294117647,
      0.6666666666666666,
      0.54
    ],
    [
      0.9804560260586319,
      0.6825396825396826,
      0.788235294117647,
      0.6060606060606061,
      0.54
    ]
  ],