{
  "train_loss": [
    1.1059547012429058,
    0.7900460863425766,
    0.6825787986620085,
    0.5851139442253415,
    0.5401929783611069,
    0.47446732583529583,
    0.4325650192314167,
    0.3814248764032916,
    0.35879805552816724,
    0.318672238555212,
    0.3009396508447144,
    0.28164657268455234,
    0.25889948323480105,
    0.2465641736607264,
    0.23656413071522303,
    0.22077476838277538,
    0.20228710631255725,
    0.19181886690315125,
    0.18122023792387482,
    0.17828400861551832,
    0.1734988612139874,
    0.16999572508755725,
    0.1682761677344981,
    0.16424562598771966,
    0.16956691739789137
  ],
  "val_loss": [
    0.7348962598398064,
    0.8469700139751404,
    0.8000621133593074,
    0.6553338558486338,
    0.706658192373585,
    0.7718886849776891,
    0.7566515179545309,
    0.7109000447473787,
    0.6936666470852174,
    0.6642435544662262,
    0.6903329334232244,
    0.5881068728039008,
    0.668308593488237,
    0.6054227066556677,
    0.6558307118438794,
    0.6139708887994959,
    0.6342637680506821,
    0.6165727917493633,
    0.6139494199814038,
    0.5969640995296582,
    0.5995441184859023,
    0.6167318300489055,
    0.6075045736222551,
    0.6082774872381844,
    0.6238653842557108
  ],
  "train_acc": [
    0.45018115942028986,
    0.6582880434782609,
    0.7085597826086957,
    0.7579257246376812,
    0.7785326086956522,
    0.795516304347826,
    0.8143115942028986,
    0.8288043478260869,
    0.8475996376811594,
    0.8611865942028986,
    0.8783967391304348,
    0.8879076086956522,
    0.8994565217391305,
    0.9012681159420289,
    0.9112318840579711,
    0.9216485507246377,
    0.9325181159420289,
    0.9336503623188406,
    0.9379528985507246,
    0.9436141304347826,
    0.9451992753623188,
    0.9456521739130435,
    0.9492753623188406,
    0.9535778985507246,
    0.948822463768116
  ],
  "val_acc": [
    0.5987158908507223,
    0.593900481540931,
    0.622792937399679,
    0.6388443017656501,
    0.6324237560192616,
    0.6131621187800963,
    0.6500802568218299,
    0.651685393258427,
    0.6741573033707865,
    0.6677367576243981,
    0.7191011235955056,
    0.7126805778491172,
    0.6837881219903692,
    0.6741573033707865,
    0.6693418940609952,
    0.6902086677367576,
    0.6902086677367576,
    0.6918138041733547,
    0.7415730337078652,
    0.7271268057784912,
    0.7110754414125201,
    0.7030497592295345,
    0.7126805778491172,
    0.7062600321027287,
    0.6998394863563403
  ],
  "val_kappa": [
    0.7600611547035048,
    0.7888190268728931,
    0.7643914580011206,
    0.7713926785650687,
    0.7774229962187902,
    0.7580061026676157,
    0.793026101141925,
    0.7763595136415554,
    0.8017471346301068,
    0.8113902305081881,
    0.8254749190230237,
    0.8358868814217799,
    0.788865653598112,
    0.810265151378361,
    0.7860145832502857,
    0.8019659487735404,
    0.8131464909326132,
    0.794530369469642,
    0.8418427416273458,
    0.8271768464408604,
    0.8166496186630776,
    0.811127387878795,
    0.8150435315024716,
    0.8121018328454943,
    0.8065773087267598
  ],
  "val_auc": [
    0.9698963785920307,
    0.9773955773955775,
    0.9799594060463626,
    0.9790620660185878,
    0.9766691592778549,
    0.9766050635615853,
    0.9795641491293665,
    0.9816152120499947,
    0.980173058433928,
    0.9823950432646084,
    0.9832603354342484,
    0.9879927358188227,
    0.9854502724067942,
    0.9857280205106291,
    0.9861446426663819,
    0.9847024890503152,
    0.9845636149983976,
    0.9848627283409893,
    0.9865505822027562,
    0.9853327635936331,
    0.9855464159811986,
    0.9856639247943595,
    0.9858989424206814,
    0.9855143681230637,
    0.9853754940711463
  ],
  "val_sens": [
    0.9367588932806324,
    0.9130434782608695,
    0.9169960474308301,
    0.9209486166007905,
    0.8774703557312253,
    0.8932806324110671,
    0.8260869565217391,
    0.8221343873517787,
    0.8458498023715415,
    0.8893280632411067,
    0.8932806324110671,
    0.8023715415019763,
    0.9011857707509882,
    0.8932806324110671,
    0.8695652173913043,
    0.9130434782608695,
    0.9090909090909091,
    0.9130434782608695,
    0.9090909090909091,
    0.9011857707509882,
    0.8853754940711462,
    0.9051383399209486,
    0.8932806324110671,
    0.8853754940711462,
    0.8972332015810277
  ],
  "val_spec": [
    0.9,
    0.9081081081081082,
    0.918918918918919,
    0.9162162162162162,
    0.9324324324324325,
    0.9081081081081082,
    0.9486486486486486,
    0.9594594594594594,
    0.9567567567567568,
    0.9540540540540541,
    0.9432432432432433,
    0.972972972972973,
    0.9351351351351351,
    0.9540540540540541,
    0.9594594594594594,
    0.9459459459459459,
    0.9351351351351351,
    0.9324324324324325,
    0.9513513513513514,
    0.9513513513513514,
    0.9486486486486486,
    0.9405405405405406,
    0.9486486486486486,
    0.9513513513513514,
    0.9432432432432433
  ],
  "val_f1_macro": [
    0.4123242274966413,
    0.400694549738728,
    0.43586342986852317,
    0.4582931197585435,
    0.44896084068069964,
    0.42228808558836467,
    0.46914839521989615,
    0.4766151243806013,
    0.5132094234272189,
    0.5004104254660491,
    0.5714693960377265,
    0.5625519284609191,
    0.5244573114727131,
    0.51293167458216,
    0.5079282509296751,
    0.5359322968156875,
    0.5355552732775077,
    0.5341357671209555,
    0.598504267128605,
    0.5853147698053595,
    0.5612473979812262,
    0.5503275073382281,
    0.5642757017421692,
    0.5566898024755406,
    0.5457872436600887
  ],