{
  "train_loss": [
    0.6131101961138018,
    0.4308001459223814,
    0.3587438712304242,
    0.2986151672039717,
    0.2733404964632715,
    0.22935678308856172,
    0.2048834096989568,
    0.18494029558887054,
    0.16431842764209673,
    0.14461387301072973,
    0.1353444080738389
  ],
  "val_loss": [
    0.3262376177272674,
    0.32861090620103656,
    0.31871184503381556,
    0.31082843686566114,
    0.30519178088748433,
    0.33444473264592417,
    0.3710569449929135,
    0.3586794770357123,
    0.39794975184322745,
    0.3829193988734225,
    0.40768543483740255
  ],
  "train_acc": [
    0.5858242753623188,
    0.7151268115942029,
    0.7701539855072463,
    0.8174818840579711,
    0.8335597826086957,
    0.8711503623188406,
    0.8953804347826086,
    0.9060235507246377,
    0.9241394927536232,
    0.9350090579710145,
    0.9433876811594203
  ],
  "val_acc": [
    0.8186195826645265,
    0.8025682182985554,
    0.8073836276083467,
    0.8394863563402889,
    0.841091492776886,
    0.8362760834670947,
    0.8138041733547352,
    0.8218298555377207,
    0.8218298555377207,
    0.8346709470304976,
    0.8378812199036918
  ],
  "val_kappa": [
    0.8736774739296628,
    0.8838246559008966,
    0.8958371376112294,
    0.9179511254896128,
    0.9015576874301601,
    0.9130641337614771,
    0.8841684075091284,
    0.8994198322722772,
    0.8941845159020461,
    0.9043006298032389,
    0.909144656715712
  ],
  "val_auc": [
    0.9841469928426451,
    0.9867642345903216,
    0.9871915393654525,
    0.9855464159811986,
    0.9889755368016238,
    0.9864437560089735,
    0.9862621514795429,
    0.9847452195278282,
    0.9832176049567354,
    0.9877149877149878,
    0.9791582095929923
  ],
  "val_sens": [
    0.8932806324110671,
    0.932806324110672,
    0.8537549407114624,
    0.9525691699604744,
    0.9090909090909091,
    0.924901185770751,
    0.9169960474308301,
    0.9090909090909091,
    0.9407114624505929,
    0.9288537549407114,
    0.9683794466403162
  ],
  "val_spec": [
    0.9567567567567568,
    0.9459459459459459,
    0.972972972972973,
    0.9324324324324325,
    0.9594594594594594,
    0.9513513513513514,
    0.9513513513513514,
    0.9540540540540541,
    0.9378378378378378,
    0.9594594594594594,
    0.9243243243243243
  ],
  "val_f1_macro": [
    0.6926230978078798,
    0.6694503321989952,
    0.681763411788118,
    0.7046169923491122,
    0.7010365838857556,
    0.7164540799170076,
    0.6811321170761302,
    0.6722476859593833,
    0.6839840965865968,
    0.7097491024935404,
    0.696279016489026
  ],
  "val_recall_per_class": [
    [
      0.9771986970684039,
      0.6984126984126984,
      0.7058823529411765,
      0.6363636363636364,
      0.5
    ],
    [
      0.9771986970684039,
      0.6349206349206349,
      0.6176470588235294,
      0.5757575757575758,
      0.72
    ],
    [
      0.9739413680781759,
      0.7619047619047619,
      0.6235294117647059,
      0.6363636363636364,
      0.58
    ],
    [
      0.9804560260586319,
      0.5714285714285714,
      0.8117647058823529,
      0.5454545454545454,
      0.6
    ],
    [
      0.9804560260586319,
      0.7142857142857143,
      0.8058823529411765,
      0.36363636363636365,
      0.58
    ],
    [
      0.9771986970684039,
      0.6666666666666666,
      0.7529411764705882,
      0.7272727272727273,
      0.54
    ],
    [
      0.9771986970684039,
      0.6984126984126984,
      0.6529411764705882,
      0.48484848484848486,
      0.72
    ],
    [
      0.9804560260586319,
      0.6825396825396826,
      0.7529411764705882,
      0.48484848484848486,
      0.48
    ],
    [
      0.9771986970684039,
      0.5714285714285714,
      0.7470588235294118,
      0.6666666666666666,
      0.54
    ],
    [
      0.9804560260586319,
      0.6984126984126984,
      0.7411764705882353,
      0.6666666666666666,
      0.54
    ],
    [
      0.9869706840390879,
      0.5238095238095238,
      0.8294117647058824,
      0.5757575757575758,
      0.52
    ]
  ],
  "val_precision_per_class": [
    [
      0.974025974025974,
      0.6027397260273972,
      0.75,
      0.4666666666666667,
      0.6756756756756757
    ],
    [
      0.9836065573770492,
      0.6451612903225806,
      0.8076923076923077,
      0.34545454545454546,
      0.5070422535211268
    ],
    [
      0.980327868852459,
      0.5217391304347826,
      0.828125,
      0.38181818181818183,
      0.6744186046511628
    ],
    [
      0.9836601307189542,
      0.7058823529411765,
      0.7666666666666667,
      0.4,
      0.7317073170731707
    ],
    [
      0.9836601307189542,
      0.625,
      0.7486338797814208,
      0.5217391304347826,
      0.7435897435897436
    ],
    [
      0.9836065573770492,
      0.6363636363636364,
      0.7901234567901234,
      0.4444444444444444,
      0.75
    ],
    [
      0.9868421052631579,
      0.6376811594202898,
      0.7928571428571428,
      0.42105263157894735,
      0.5
    ],
    [
      0.9868852459016394,
      0.6056338028169014,
      0.7619047619047619,
      0.38095238095238093,
      0.6486486486486487
    ],
    [
      0.9836065573770492,
      0.631578947368421,
      0.7839506172839507,
      0.4,
      0.6136363636363636
    ],
    [
      0.9836601307189542,
      0.6567164179104478,
      0.7924528301886793,
      0.43137254901960786,
      0.675
    ],
    [
      0.9869706840390879,
      0.7674418604651163,
      0.734375,
      0.41304347826086957,
      0.7428571428571429
    ]
  ],
  "val_f1_per_class": [
    [
      0.975609756097561,
      0.6470588235294118,
      0.7272727272727273,
      0.5384615384615384,
      0.5747126436781609
    ],
    [
      0.9803921568627451,
      0.64,
      0.7,
      0.4318181818181818,
      0.5950413223140496
    ],
    [
      0.9771241830065359,
      0.6193548387096774,
      0.7114093959731543,
      0.4772727272727273,
      0.6236559139784946
    ],
    [
      0.9820554649265906,
      0.631578947368421,
      0.7885714285714286,
      0.46153846153846156,
      0.6593406593406593
    ],
    [
      0.9820554649265906,
      0.6666666666666666,
      0.7762039660056658,
      0.42857142857142855,
      0.651685393258427
    ],
    [
      0.9803921568627451,
      0.6511627906976745,
      0.7710843373493976,
      0.5517241379310345,
      0.627906976744186
    ],
    [
      0.9819967266775778,
      0.6666666666666666,
      0.7161290322580646,
      0.4507042253521127,
      0.5901639344262295
    ],
    [
      0.9836601307189542,
      0.6417910447761194,
      0.757396449704142,
      0.4266666666666667,
      0.5517241379310345
    ],
    [
      0.9803921568627451,
      0.6,
      0.7650602409638554,
      0.5,
      0.574468085106383
    ],
    [
      0.9820554649265906,
      0.676923076923077,
      0.7659574468085106,
      0.5238095238095238,
      0.6
    ],
    [
      0.9869706840390879,
      0.6226415094339622,
      0.7790055248618785,
      0.4810126582278481,
      0.611764705882353
    ]
  ]
}